id,filename,label
1030,metal211.jpg,metal
1541,paper302.jpg,paper
1949,plastic135.jpg,plastic
489,glass176.jpg,glass
1513,paper278.jpg,paper
2224,plastic383.jpg,plastic
705,glass370.jpg,glass
1290,metal77.jpg,metal
642,glass313.jpg,glass
365,cardboard64.jpg,cardboard
959,metal148.jpg,metal
743,glass404.jpg,glass
1423,paper197.jpg,paper
2109,plastic28.jpg,plastic
1506,paper271.jpg,paper
697,glass363.jpg,glass
1160,metal329.jpg,metal
136,cardboard220.jpg,cardboard
2044,plastic220.jpg,plastic
1140,metal310.jpg,metal
783,glass440.jpg,glass
1873,paper67.jpg,paper
1179,metal346.jpg,metal
455,glass145.jpg,glass
1984,plastic167.jpg,plastic
1920,plastic109.jpg,plastic
181,cardboard261.jpg,cardboard
118,cardboard204.jpg,cardboard
1489,paper256.jpg,paper
396,cardboard92.jpg,cardboard
1424,paper198.jpg,paper
2186,plastic349.jpg,plastic
431,glass123.jpg,glass
262,cardboard334.jpg,cardboard
282,cardboard352.jpg,cardboard
2405,trash111.jpg,trash
875,glass72.jpg,glass
351,cardboard51.jpg,cardboard
1776,paper514.jpg,paper
280,cardboard350.jpg,cardboard
2030,plastic208.jpg,plastic
318,cardboard385.jpg,cardboard
2122,plastic291.jpg,plastic
2204,plastic365.jpg,plastic
2199,plastic360.jpg,plastic
271,cardboard342.jpg,cardboard
2215,plastic375.jpg,plastic
1936,plastic123.jpg,plastic
1887,paper8.jpg,paper
1795,paper531.jpg,paper
1907,paper98.jpg,paper
2024,plastic202.jpg,plastic
572,glass250.jpg,glass
2299,plastic450.jpg,plastic
2033,plastic210.jpg,plastic
970,metal158.jpg,metal
1797,paper533.jpg,paper
1001,metal186.jpg,metal
1880,paper73.jpg,paper
193,cardboard272.jpg,cardboard
1575,paper333.jpg,paper
5,cardboard102.jpg,cardboard
1562,paper321.jpg,paper
2037,plastic214.jpg,plastic
815,glass47.jpg,glass
1606,paper361.jpg,paper
220,cardboard297.jpg,cardboard
1862,paper592.jpg,paper
1028,metal21.jpg,metal
192,cardboard271.jpg,cardboard
1081,metal258.jpg,metal
1405,paper180.jpg,paper
1610,paper365.jpg,paper
613,glass288.jpg,glass
2265,plastic42.jpg,plastic
2150,plastic316.jpg,plastic
1857,paper588.jpg,paper
1832,paper565.jpg,paper
2,cardboard10.jpg,cardboard
1710,paper455.jpg,paper
275,cardboard346.jpg,cardboard
1882,paper75.jpg,paper
2337,plastic50.jpg,plastic
1111,metal285.jpg,metal
899,glass94.jpg,glass
2458,trash36.jpg,trash
728,glass391.jpg,glass
829,glass482.jpg,glass
1344,paper125.jpg,paper
2272,plastic426.jpg,plastic
1805,paper540.jpg,paper
585,glass262.jpg,glass
1792,paper529.jpg,paper
785,glass442.jpg,glass
2031,plastic209.jpg,plastic
974,metal161.jpg,metal
369,cardboard68.jpg,cardboard
949,metal139.jpg,metal
1544,paper305.jpg,paper
1701,paper447.jpg,paper
780,glass438.jpg,glass
2036,plastic213.jpg,plastic
340,cardboard41.jpg,cardboard
1842,paper574.jpg,paper
179,cardboard26.jpg,cardboard
133,cardboard218.jpg,cardboard
456,glass146.jpg,glass
108,cardboard196.jpg,cardboard
1061,metal24.jpg,metal
666,glass335.jpg,glass
828,glass481.jpg,glass
2415,trash120.jpg,trash
184,cardboard264.jpg,cardboard
2026,plastic204.jpg,plastic
820,glass474.jpg,glass
777,glass435.jpg,glass
1717,paper461.jpg,paper
2434,trash14.jpg,trash
361,cardboard60.jpg,cardboard
1386,paper163.jpg,paper
2492,trash67.jpg,trash
1981,plastic164.jpg,plastic
1483,paper250.jpg,paper
976,metal163.jpg,metal
2203,plastic364.jpg,plastic
1308,metal93.jpg,metal
1247,metal407.jpg,metal
1165,metal333.jpg,metal
1839,paper571.jpg,paper
231,cardboard306.jpg,cardboard
223,cardboard3.jpg,cardboard
1226,metal389.jpg,metal
988,metal174.jpg,metal
1545,paper306.jpg,paper
816,glass470.jpg,glass
1093,metal269.jpg,metal
1229,metal391.jpg,metal
2421,trash126.jpg,trash
827,glass480.jpg,glass
1581,paper339.jpg,paper
558,glass238.jpg,glass
953,metal142.jpg,metal
1518,paper282.jpg,paper
978,metal165.jpg,metal
1428,paper200.jpg,paper
2016,plastic196.jpg,plastic
1195,metal360.jpg,metal
1992,plastic174.jpg,plastic
1928,plastic116.jpg,plastic
2191,plastic353.jpg,plastic
277,cardboard348.jpg,cardboard
2226,plastic385.jpg,plastic
1385,paper162.jpg,paper
493,glass18.jpg,glass
317,cardboard384.jpg,cardboard
1781,paper519.jpg,paper
1943,plastic13.jpg,plastic
1022,metal204.jpg,metal
337,cardboard401.jpg,cardboard
2332,plastic480.jpg,plastic
1126,metal299.jpg,metal
266,cardboard338.jpg,cardboard
2525,trash97.jpg,trash
471,glass16.jpg,glass
850,glass500.jpg,glass
2089,plastic261.jpg,plastic
2049,plastic225.jpg,plastic
267,cardboard339.jpg,cardboard
370,cardboard69.jpg,cardboard
526,glass209.jpg,glass
1032,metal213.jpg,metal
2312,plastic462.jpg,plastic
711,glass376.jpg,glass
2426,trash130.jpg,trash
63,cardboard155.jpg,cardboard
329,cardboard395.jpg,cardboard
2027,plastic205.jpg,plastic
549,glass23.jpg,glass
2104,plastic275.jpg,plastic
2100,plastic271.jpg,plastic
2121,plastic290.jpg,plastic
1152,metal321.jpg,metal
1155,metal324.jpg,metal
2082,plastic255.jpg,plastic
99,cardboard188.jpg,cardboard
442,glass133.jpg,glass
2144,plastic310.jpg,plastic
774,glass432.jpg,glass
1128,metal30.jpg,metal
719,glass383.jpg,glass
2506,trash8.jpg,trash
991,metal177.jpg,metal
20,cardboard116.jpg,cardboard
915,metal108.jpg,metal
1123,metal296.jpg,metal
1399,paper175.jpg,paper
2480,trash56.jpg,trash
1885,paper78.jpg,paper
581,glass259.jpg,glass
204,cardboard282.jpg,cardboard
1859,paper59.jpg,paper
796,glass452.jpg,glass
1469,paper238.jpg,paper
2069,plastic243.jpg,plastic
96,cardboard185.jpg,cardboard
2175,plastic339.jpg,plastic
2496,trash70.jpg,trash
788,glass445.jpg,glass
303,cardboard371.jpg,cardboard
1202,metal367.jpg,metal
331,cardboard397.jpg,cardboard
284,cardboard354.jpg,cardboard
82,cardboard172.jpg,cardboard
2242,plastic4.jpg,plastic
1268,metal57.jpg,metal
1171,metal339.jpg,metal
2461,trash39.jpg,trash
2136,plastic303.jpg,plastic
2274,plastic428.jpg,plastic
309,cardboard377.jpg,cardboard
1748,paper49.jpg,paper
2022,plastic200.jpg,plastic
2295,plastic447.jpg,plastic
1170,metal338.jpg,metal
1755,paper496.jpg,paper
1833,paper566.jpg,paper
1019,metal201.jpg,metal
587,glass264.jpg,glass
861,glass6.jpg,glass
1089,metal265.jpg,metal
1070,metal248.jpg,metal
1512,paper277.jpg,paper
163,cardboard245.jpg,cardboard
497,glass183.jpg,glass
1037,metal218.jpg,metal
1360,paper14.jpg,paper
2402,trash109.jpg,trash
2021,plastic20.jpg,plastic
881,glass78.jpg,glass
1787,paper524.jpg,paper
2099,plastic270.jpg,plastic
68,cardboard16.jpg,cardboard
620,glass294.jpg,glass
1291,metal78.jpg,metal
1621,paper375.jpg,paper
1905,paper96.jpg,paper
1966,plastic150.jpg,plastic
1538,paper30.jpg,paper
1101,metal276.jpg,metal
2173,plastic337.jpg,plastic
276,cardboard347.jpg,cardboard
708,glass373.jpg,glass
1716,paper460.jpg,paper
1107,metal281.jpg,metal
167,cardboard249.jpg,cardboard
1532,paper295.jpg,paper
1319,paper102.jpg,paper
1120,metal293.jpg,metal
352,cardboard52.jpg,cardboard
2111,plastic281.jpg,plastic
2107,plastic278.jpg,plastic
2522,trash94.jpg,trash
1622,paper376.jpg,paper
187,cardboard267.jpg,cardboard
1205,metal37.jpg,metal
341,cardboard42.jpg,cardboard
1164,metal332.jpg,metal
1641,paper393.jpg,paper
1647,paper399.jpg,paper
1686,paper433.jpg,paper
1047,metal227.jpg,metal
122,cardboard208.jpg,cardboard
2364,plastic75.jpg,plastic
522,glass205.jpg,glass
1417,paper191.jpg,paper
283,cardboard353.jpg,cardboard
843,glass495.jpg,glass
359,cardboard59.jpg,cardboard
1860,paper590.jpg,paper
2288,plastic440.jpg,plastic
1007,metal191.jpg,metal
860,glass59.jpg,glass
1087,metal263.jpg,metal
1697,paper443.jpg,paper
481,glass169.jpg,glass
1886,paper79.jpg,paper
2071,plastic245.jpg,plastic
2001,plastic182.jpg,plastic
1809,paper544.jpg,paper
2135,plastic302.jpg,plastic
1331,paper113.jpg,paper
2261,plastic416.jpg,plastic
2323,plastic472.jpg,plastic
1667,paper416.jpg,paper
903,glass98.jpg,glass
1283,metal70.jpg,metal
821,glass475.jpg,glass
2509,trash82.jpg,trash
1156,metal325.jpg,metal
1306,metal91.jpg,metal
945,metal135.jpg,metal
1850,paper581.jpg,paper
729,glass392.jpg,glass
1737,paper48.jpg,paper
13,cardboard11.jpg,cardboard
750,glass410.jpg,glass
1055,metal234.jpg,metal
1579,paper337.jpg,paper
1655,paper405.jpg,paper
2526,trash98.jpg,trash
1048,metal228.jpg,metal
1782,paper52.jpg,paper
866,glass64.jpg,glass
932,metal123.jpg,metal
2264,plastic419.jpg,plastic
1349,paper13.jpg,paper
603,glass279.jpg,glass
19,cardboard115.jpg,cardboard
2081,plastic254.jpg,plastic
2221,plastic380.jpg,plastic
804,glass46.jpg,glass
1482,paper25.jpg,paper
2291,plastic443.jpg,plastic
740,glass401.jpg,glass
1366,paper145.jpg,paper
814,glass469.jpg,glass
1724,paper468.jpg,paper
72,cardboard163.jpg,cardboard
103,cardboard191.jpg,cardboard
1727,paper470.jpg,paper
1448,paper219.jpg,paper
2370,plastic80.jpg,plastic
2397,trash104.jpg,trash
485,glass172.jpg,glass
474,glass162.jpg,glass
2222,plastic381.jpg,plastic
2277,plastic430.jpg,plastic
1543,paper304.jpg,paper
2307,plastic458.jpg,plastic
1973,plastic157.jpg,plastic
561,glass240.jpg,glass
2077,plastic250.jpg,plastic
215,cardboard292.jpg,cardboard
677,glass345.jpg,glass
2078,plastic251.jpg,plastic
134,cardboard219.jpg,cardboard
311,cardboard379.jpg,cardboard
2313,plastic463.jpg,plastic
2047,plastic223.jpg,plastic
316,cardboard383.jpg,cardboard
1878,paper71.jpg,paper
2459,trash37.jpg,trash
615,glass29.jpg,glass
2423,trash128.jpg,trash
1630,paper383.jpg,paper
422,glass115.jpg,glass
1186,metal352.jpg,metal
18,cardboard114.jpg,cardboard
1822,paper556.jpg,paper
1865,paper6.jpg,paper
2447,trash26.jpg,trash
2005,plastic186.jpg,plastic
1354,paper134.jpg,paper
307,cardboard375.jpg,cardboard
624,glass298.jpg,glass
688,glass355.jpg,glass
1964,plastic149.jpg,plastic
436,glass128.jpg,glass
1121,metal294.jpg,metal
1004,metal189.jpg,metal
701,glass367.jpg,glass
1002,metal187.jpg,metal
1110,metal284.jpg,metal
1196,metal361.jpg,metal
570,glass249.jpg,glass
2462,trash4.jpg,trash
1098,metal273.jpg,metal
2233,plastic391.jpg,plastic
107,cardboard195.jpg,cardboard
17,cardboard113.jpg,cardboard
296,cardboard365.jpg,cardboard
2411,trash117.jpg,trash
977,metal164.jpg,metal
143,cardboard227.jpg,cardboard
1453,paper223.jpg,paper
1841,paper573.jpg,paper
670,glass339.jpg,glass
164,cardboard246.jpg,cardboard
1406,paper181.jpg,paper
950,metal14.jpg,metal
67,cardboard159.jpg,cardboard
536,glass218.jpg,glass
1188,metal354.jpg,metal
2088,plastic260.jpg,plastic
1214,metal378.jpg,metal
150,cardboard233.jpg,cardboard
629,glass301.jpg,glass
2350,plastic62.jpg,plastic
443,glass134.jpg,glass
2435,trash15.jpg,trash
432,glass124.jpg,glass
845,glass497.jpg,glass
1400,paper176.jpg,paper
1726,paper47.jpg,paper
1431,paper203.jpg,paper
1815,paper55.jpg,paper
1273,metal61.jpg,metal
1526,paper29.jpg,paper
453,glass143.jpg,glass
2372,plastic82.jpg,plastic
1779,paper517.jpg,paper
1612,paper367.jpg,paper
851,glass501.jpg,glass
871,glass69.jpg,glass
1552,paper312.jpg,paper
428,glass120.jpg,glass
2520,trash92.jpg,trash
315,cardboard382.jpg,cardboard
392,cardboard89.jpg,cardboard
500,glass186.jpg,glass
2086,plastic259.jpg,plastic
287,cardboard357.jpg,cardboard
290,cardboard36.jpg,cardboard
1969,plastic153.jpg,plastic
2129,plastic298.jpg,plastic
76,cardboard167.jpg,cardboard
2076,plastic25.jpg,plastic
1692,paper439.jpg,paper
382,cardboard8.jpg,cardboard
684,glass351.jpg,glass
7,cardboard104.jpg,cardboard
1864,paper594.jpg,paper
1582,paper34.jpg,paper
1056,metal235.jpg,metal
1109,metal283.jpg,metal
1119,metal292.jpg,metal
2398,trash105.jpg,trash
1609,paper364.jpg,paper
1672,paper420.jpg,paper
2013,plastic193.jpg,plastic
1065,metal243.jpg,metal
667,glass336.jpg,glass
1345,paper126.jpg,paper
1735,paper478.jpg,paper
1151,metal320.jpg,metal
2195,plastic357.jpg,plastic
1190,metal356.jpg,metal
1017,metal20.jpg,metal
60,cardboard152.jpg,cardboard
1041,metal221.jpg,metal
2247,plastic403.jpg,plastic
2409,trash115.jpg,trash
494,glass180.jpg,glass
59,cardboard151.jpg,cardboard
154,cardboard237.jpg,cardboard
218,cardboard295.jpg,cardboard
327,cardboard393.jpg,cardboard
1368,paper147.jpg,paper
1301,metal87.jpg,metal
1584,paper341.jpg,paper
2262,plastic417.jpg,plastic
1210,metal374.jpg,metal
484,glass171.jpg,glass
498,glass184.jpg,glass
1359,paper139.jpg,paper
97,cardboard186.jpg,cardboard
553,glass233.jpg,glass
2317,plastic467.jpg,plastic
272,cardboard343.jpg,cardboard
2285,plastic438.jpg,plastic
525,glass208.jpg,glass
408,glass102.jpg,glass
854,glass53.jpg,glass
1485,paper252.jpg,paper
712,glass377.jpg,glass
894,glass9.jpg,glass
906,metal10.jpg,metal
383,cardboard80.jpg,cardboard
37,cardboard131.jpg,cardboard
1810,paper545.jpg,paper
78,cardboard169.jpg,cardboard
2367,plastic78.jpg,plastic
761,glass420.jpg,glass
1174,metal341.jpg,metal
2330,plastic479.jpg,plastic
2334,plastic482.jpg,plastic
1791,paper528.jpg,paper
1144,metal314.jpg,metal
1235,metal397.jpg,metal
1458,paper228.jpg,paper
1830,paper563.jpg,paper
1192,metal358.jpg,metal
1159,metal328.jpg,metal
2490,trash65.jpg,trash
1772,paper510.jpg,paper
548,glass229.jpg,glass
1804,paper54.jpg,paper
625,glass299.jpg,glass
138,cardboard222.jpg,cardboard
1768,paper507.jpg,paper
2201,plastic362.jpg,plastic
650,glass320.jpg,glass
1999,plastic180.jpg,plastic
330,cardboard396.jpg,cardboard
605,glass280.jpg,glass
2060,plastic235.jpg,plastic
242,cardboard316.jpg,cardboard
1908,paper99.jpg,paper
2161,plastic326.jpg,plastic
1341,paper122.jpg,paper
637,glass309.jpg,glass
1078,metal255.jpg,metal
194,cardboard273.jpg,cardboard
1185,metal351.jpg,metal
2377,plastic87.jpg,plastic
2356,plastic68.jpg,plastic
2025,plastic203.jpg,plastic
2388,plastic97.jpg,plastic
1158,metal327.jpg,metal
195,cardboard274.jpg,cardboard
602,glass278.jpg,glass
491,glass178.jpg,glass
377,cardboard75.jpg,cardboard
1700,paper446.jpg,paper
2151,plastic317.jpg,plastic
2321,plastic470.jpg,plastic
323,cardboard39.jpg,cardboard
1284,metal71.jpg,metal
294,cardboard363.jpg,cardboard
1103,metal278.jpg,metal
1270,metal59.jpg,metal
1447,paper218.jpg,paper
1474,paper242.jpg,paper
472,glass160.jpg,glass
1780,paper518.jpg,paper
2431,trash135.jpg,trash
2293,plastic445.jpg,plastic
831,glass484.jpg,glass
95,cardboard184.jpg,cardboard
1432,paper204.jpg,paper
326,cardboard392.jpg,cardboard
834,glass487.jpg,glass
1694,paper440.jpg,paper
2236,plastic394.jpg,plastic
2446,trash25.jpg,trash
250,cardboard323.jpg,cardboard
2302,plastic453.jpg,plastic
1664,paper413.jpg,paper
1257,metal47.jpg,metal
2213,plastic373.jpg,plastic
1836,paper569.jpg,paper
2477,trash53.jpg,trash
1410,paper185.jpg,paper
2046,plastic222.jpg,plastic
1212,metal376.jpg,metal
683,glass350.jpg,glass
1961,plastic146.jpg,plastic
1139,metal31.jpg,metal
1134,metal305.jpg,metal
1720,paper464.jpg,paper
1868,paper62.jpg,paper
321,cardboard388.jpg,cardboard
1947,plastic133.jpg,plastic
418,glass111.jpg,glass
690,glass357.jpg,glass
551,glass231.jpg,glass
1180,metal347.jpg,metal
2212,plastic372.jpg,plastic
943,metal133.jpg,metal
413,glass107.jpg,glass
694,glass360.jpg,glass
21,cardboard117.jpg,cardboard
1733,paper476.jpg,paper
1548,paper309.jpg,paper
1060,metal239.jpg,metal
2043,plastic22.jpg,plastic
964,metal152.jpg,metal
1256,metal46.jpg,metal
1433,paper205.jpg,paper
1153,metal322.jpg,metal
2418,trash123.jpg,trash
1332,paper114.jpg,paper
960,metal149.jpg,metal
2404,trash110.jpg,trash
1998,plastic18.jpg,plastic
398,cardboard94.jpg,cardboard
2206,plastic367.jpg,plastic
1372,paper150.jpg,paper
2162,plastic327.jpg,plastic
270,cardboard341.jpg,cardboard
1085,metal261.jpg,metal
461,glass150.jpg,glass
2357,plastic69.jpg,plastic
859,glass58.jpg,glass
2048,plastic224.jpg,plastic
1272,metal60.jpg,metal
15,cardboard111.jpg,cardboard
1335,paper117.jpg,paper
725,glass389.jpg,glass
25,cardboard120.jpg,cardboard
890,glass86.jpg,glass
2066,plastic240.jpg,plastic
1739,paper481.jpg,paper
1025,metal207.jpg,metal
54,cardboard147.jpg,cardboard
2391,trash1.jpg,trash
552,glass232.jpg,glass
328,cardboard394.jpg,cardboard
1933,plastic120.jpg,plastic
1996,plastic178.jpg,plastic
1752,paper493.jpg,paper
1709,paper454.jpg,paper
2063,plastic238.jpg,plastic
1896,paper88.jpg,paper
1114,metal288.jpg,metal
1616,paper370.jpg,paper
2310,plastic460.jpg,plastic
1648,paper4.jpg,paper
172,cardboard253.jpg,cardboard
1888,paper80.jpg,paper
2292,plastic444.jpg,plastic
1707,paper452.jpg,paper
197,cardboard276.jpg,cardboard
132,cardboard217.jpg,cardboard
1690,paper437.jpg,paper
2512,trash85.jpg,trash
1614,paper369.jpg,paper
968,metal156.jpg,metal
470,glass159.jpg,glass
975,metal162.jpg,metal
2141,plastic308.jpg,plastic
56,cardboard149.jpg,cardboard
607,glass282.jpg,glass
1204,metal369.jpg,metal
842,glass494.jpg,glass
83,cardboard173.jpg,cardboard
2235,plastic393.jpg,plastic
1157,metal326.jpg,metal
1665,paper414.jpg,paper
1100,metal275.jpg,metal
1682,paper43.jpg,paper
646,glass317.jpg,glass
832,glass485.jpg,glass
1011,metal195.jpg,metal
2338,plastic51.jpg,plastic
1714,paper459.jpg,paper
984,metal170.jpg,metal
682,glass35.jpg,glass
929,metal120.jpg,metal
378,cardboard76.jpg,cardboard
350,cardboard50.jpg,cardboard
541,glass222.jpg,glass
518,glass201.jpg,glass
232,cardboard307.jpg,cardboard
1851,paper582.jpg,paper
1429,paper201.jpg,paper
281,cardboard351.jpg,cardboard
1129,metal300.jpg,metal
1504,paper27.jpg,paper
2359,plastic70.jpg,plastic
1295,metal81.jpg,metal
1096,metal271.jpg,metal
790,glass447.jpg,glass
2196,plastic358.jpg,plastic
1750,paper491.jpg,paper
1852,paper583.jpg,paper
1074,metal251.jpg,metal
2429,trash133.jpg,trash
1396,paper172.jpg,paper
1492,paper259.jpg,paper
36,cardboard130.jpg,cardboard
1193,metal359.jpg,metal
1099,metal274.jpg,metal
312,cardboard38.jpg,cardboard
671,glass34.jpg,glass
1104,metal279.jpg,metal
1802,paper538.jpg,paper
1252,metal42.jpg,metal
673,glass341.jpg,glass
1163,metal331.jpg,metal
1986,plastic169.jpg,plastic
904,glass99.jpg,glass
2500,trash74.jpg,trash
791,glass448.jpg,glass
877,glass74.jpg,glass
754,glass414.jpg,glass
42,cardboard136.jpg,cardboard
1821,paper555.jpg,paper
1663,paper412.jpg,paper
479,glass167.jpg,glass
180,cardboard260.jpg,cardboard
1980,plastic163.jpg,plastic
1749,paper490.jpg,paper
435,glass127.jpg,glass
260,cardboard332.jpg,cardboard
173,cardboard254.jpg,cardboard
1807,paper542.jpg,paper
931,metal122.jpg,metal
251,cardboard324.jpg,cardboard
2318,plastic468.jpg,plastic
1568,paper327.jpg,paper
1746,paper488.jpg,paper
1516,paper280.jpg,paper
2148,plastic314.jpg,plastic
747,glass408.jpg,glass
202,cardboard280.jpg,cardboard
1531,paper294.jpg,paper
2002,plastic183.jpg,plastic
1620,paper374.jpg,paper
1990,plastic172.jpg,plastic
912,metal105.jpg,metal
2106,plastic277.jpg,plastic
1636,paper389.jpg,paper
1018,metal200.jpg,metal
622,glass296.jpg,glass
70,cardboard161.jpg,cardboard
1058,metal237.jpg,metal
1364,paper143.jpg,paper
512,glass197.jpg,glass
2258,plastic413.jpg,plastic
395,cardboard91.jpg,cardboard
386,cardboard83.jpg,cardboard
357,cardboard57.jpg,cardboard
1437,paper209.jpg,paper
2234,plastic392.jpg,plastic
121,cardboard207.jpg,cardboard
388,cardboard85.jpg,cardboard
1086,metal262.jpg,metal
2042,plastic219.jpg,plastic
379,cardboard77.jpg,cardboard
1135,metal306.jpg,metal
325,cardboard391.jpg,cardboard
1042,metal222.jpg,metal
1166,metal334.jpg,metal
1758,paper499.jpg,paper
733,glass396.jpg,glass
1968,plastic152.jpg,plastic
907,metal100.jpg,metal
1838,paper570.jpg,paper
1213,metal377.jpg,metal
2305,plastic456.jpg,plastic
171,cardboard252.jpg,cardboard
1650,paper400.jpg,paper
1662,paper411.jpg,paper
948,metal138.jpg,metal
1574,paper332.jpg,paper
1217,metal380.jpg,metal
26,cardboard121.jpg,cardboard
252,cardboard325.jpg,cardboard
772,glass430.jpg,glass
338,cardboard402.jpg,cardboard
2381,plastic90.jpg,plastic
765,glass424.jpg,glass
2149,plastic315.jpg,plastic
1899,paper90.jpg,paper
302,cardboard370.jpg,cardboard
1438,paper21.jpg,paper
582,glass26.jpg,glass
1951,plastic137.jpg,plastic
12,cardboard109.jpg,cardboard
368,cardboard67.jpg,cardboard
2501,trash75.jpg,trash
1053,metal232.jpg,metal
1269,metal58.jpg,metal
1578,paper336.jpg,paper
458,glass148.jpg,glass
1588,paper345.jpg,paper
2241,plastic399.jpg,plastic
1000,metal185.jpg,metal
1639,paper391.jpg,paper
727,glass390.jpg,glass
1910,plastic10.jpg,plastic
872,glass7.jpg,glass
2464,trash41.jpg,trash
1449,paper22.jpg,paper
799,glass455.jpg,glass
2519,trash91.jpg,trash
635,glass307.jpg,glass
429,glass121.jpg,glass
888,glass84.jpg,glass
2290,plastic442.jpg,plastic
286,cardboard356.jpg,cardboard
639,glass310.jpg,glass
1279,metal67.jpg,metal
1281,metal69.jpg,metal
879,glass76.jpg,glass
2249,plastic405.jpg,plastic
574,glass252.jpg,glass
1197,metal362.jpg,metal
506,glass191.jpg,glass
813,glass468.jpg,glass
617,glass291.jpg,glass
2454,trash32.jpg,trash
1251,metal410.jpg,metal
2524,trash96.jpg,trash
2508,trash81.jpg,trash
2298,plastic45.jpg,plastic
1161,metal33.jpg,metal
2208,plastic369.jpg,plastic
2527,trash99.jpg,trash
362,cardboard61.jpg,cardboard
1770,paper509.jpg,paper
1978,plastic161.jpg,plastic
459,glass149.jpg,glass
480,glass168.jpg,glass
900,glass95.jpg,glass
1278,metal66.jpg,metal
523,glass206.jpg,glass
1420,paper194.jpg,paper
1113,metal287.jpg,metal
1627,paper380.jpg,paper
2497,trash71.jpg,trash
789,glass446.jpg,glass
1829,paper562.jpg,paper
1917,plastic106.jpg,plastic
2304,plastic455.jpg,plastic
2019,plastic199.jpg,plastic
658,glass328.jpg,glass
669,glass338.jpg,glass
1317,paper100.jpg,paper
2517,trash9.jpg,trash
1856,paper587.jpg,paper
1635,paper388.jpg,paper
2385,plastic94.jpg,plastic
2084,plastic257.jpg,plastic
1570,paper329.jpg,paper
703,glass369.jpg,glass
1955,plastic140.jpg,plastic
2406,trash112.jpg,trash
1877,paper70.jpg,paper
373,cardboard71.jpg,cardboard
1743,paper485.jpg,paper
1010,metal194.jpg,metal
1242,metal402.jpg,metal
672,glass340.jpg,glass
1676,paper424.jpg,paper
2251,plastic407.jpg,plastic
1501,paper267.jpg,paper
730,glass393.jpg,glass
2395,trash102.jpg,trash
640,glass311.jpg,glass
735,glass398.jpg,glass
1547,paper308.jpg,paper
255,cardboard328.jpg,cardboard
527,glass21.jpg,glass
1274,metal62.jpg,metal
1436,paper208.jpg,paper
1342,paper123.jpg,paper
407,glass101.jpg,glass
1477,paper245.jpg,paper
923,metal115.jpg,metal
439,glass130.jpg,glass
597,glass273.jpg,glass
1044,metal224.jpg,metal
1234,metal396.jpg,metal
419,glass112.jpg,glass
627,glass30.jpg,glass
1494,paper260.jpg,paper
753,glass413.jpg,glass
2505,trash79.jpg,trash
207,cardboard285.jpg,cardboard
2466,trash43.jpg,trash
530,glass212.jpg,glass
1464,paper233.jpg,paper
158,cardboard240.jpg,cardboard
933,metal124.jpg,metal
451,glass141.jpg,glass
203,cardboard281.jpg,cardboard
510,glass195.jpg,glass
333,cardboard399.jpg,cardboard
2309,plastic46.jpg,plastic
292,cardboard361.jpg,cardboard
1236,metal398.jpg,metal
2110,plastic280.jpg,plastic
1631,paper384.jpg,paper
2183,plastic346.jpg,plastic
1476,paper244.jpg,paper
2444,trash23.jpg,trash
1944,plastic130.jpg,plastic
1736,paper479.jpg,paper
139,cardboard223.jpg,cardboard
1923,plastic111.jpg,plastic
2422,trash127.jpg,trash
1150,metal32.jpg,metal
299,cardboard368.jpg,cardboard
268,cardboard34.jpg,cardboard
1094,metal27.jpg,metal
2248,plastic404.jpg,plastic
1551,paper311.jpg,paper
718,glass382.jpg,glass
2410,trash116.jpg,trash
764,glass423.jpg,glass
583,glass260.jpg,glass
961,metal15.jpg,metal
1402,paper178.jpg,paper
914,metal107.jpg,metal
1091,metal267.jpg,metal
2394,trash101.jpg,trash
2284,plastic437.jpg,plastic
148,cardboard231.jpg,cardboard
151,cardboard234.jpg,cardboard
123,cardboard209.jpg,cardboard
1199,metal364.jpg,metal
2484,trash6.jpg,trash
114,cardboard200.jpg,cardboard
1965,plastic15.jpg,plastic
739,glass400.jpg,glass
244,cardboard318.jpg,cardboard
2214,plastic374.jpg,plastic
779,glass437.jpg,glass
2225,plastic384.jpg,plastic
2112,plastic282.jpg,plastic
1774,paper512.jpg,paper
2390,plastic99.jpg,plastic
1203,metal368.jpg,metal
1814,paper549.jpg,paper
1976,plastic16.jpg,plastic
2371,plastic81.jpg,plastic
1503,paper269.jpg,paper
661,glass330.jpg,glass
2092,plastic264.jpg,plastic
1522,paper286.jpg,paper
1946,plastic132.jpg,plastic
839,glass491.jpg,glass
1729,paper472.jpg,paper
893,glass89.jpg,glass
543,glass224.jpg,glass
434,glass126.jpg,glass
1258,metal48.jpg,metal
997,metal182.jpg,metal
2059,plastic234.jpg,plastic
2041,plastic218.jpg,plastic
649,glass32.jpg,glass
2157,plastic322.jpg,plastic
713,glass378.jpg,glass
1924,plastic112.jpg,plastic
409,glass103.jpg,glass
178,cardboard259.jpg,cardboard
1677,paper425.jpg,paper
1088,metal264.jpg,metal
934,metal125.jpg,metal
162,cardboard244.jpg,cardboard
1564,paper323.jpg,paper
749,glass41.jpg,glass
2080,plastic253.jpg,plastic
971,metal159.jpg,metal
771,glass43.jpg,glass
1890,paper82.jpg,paper
2433,trash137.jpg,trash
131,cardboard216.jpg,cardboard
1326,paper109.jpg,paper
1680,paper428.jpg,paper
1938,plastic125.jpg,plastic
1487,paper254.jpg,paper
1669,paper418.jpg,paper
1661,paper410.jpg,paper
1626,paper38.jpg,paper
1598,paper354.jpg,paper
1154,metal323.jpg,metal
1577,paper335.jpg,paper
1394,paper170.jpg,paper
230,cardboard305.jpg,cardboard
528,glass210.jpg,glass
1,cardboard1.jpg,cardboard
291,cardboard360.jpg,cardboard
1184,metal350.jpg,metal
797,glass453.jpg,glass
951,metal140.jpg,metal
1043,metal223.jpg,metal
186,cardboard266.jpg,cardboard
524,glass207.jpg,glass
2363,plastic74.jpg,plastic
1265,metal54.jpg,metal
927,metal119.jpg,metal
2373,plastic83.jpg,plastic
590,glass267.jpg,glass
1480,paper248.jpg,paper
1194,metal36.jpg,metal
2387,plastic96.jpg,plastic
159,cardboard241.jpg,cardboard
1529,paper292.jpg,paper
1613,paper368.jpg,paper
2244,plastic400.jpg,plastic
2012,plastic192.jpg,plastic
1625,paper379.jpg,paper
209,cardboard287.jpg,cardboard
529,glass211.jpg,glass
1950,plastic136.jpg,plastic
1401,paper177.jpg,paper
483,glass170.jpg,glass
1130,metal301.jpg,metal
1499,paper265.jpg,paper
2478,trash54.jpg,trash
246,cardboard32.jpg,cardboard
835,glass488.jpg,glass
954,metal143.jpg,metal
1346,paper127.jpg,paper
1653,paper403.jpg,paper
400,cardboard96.jpg,cardboard
1913,plastic102.jpg,plastic
1542,paper303.jpg,paper
2473,trash5.jpg,trash
2004,plastic185.jpg,plastic
803,glass459.jpg,glass
1731,paper474.jpg,paper
870,glass68.jpg,glass
2396,trash103.jpg,trash
2250,plastic406.jpg,plastic
1239,metal40.jpg,metal
2228,plastic387.jpg,plastic
1232,metal394.jpg,metal
2424,trash129.jpg,trash
1775,paper513.jpg,paper
606,glass281.jpg,glass
533,glass215.jpg,glass
420,glass113.jpg,glass
793,glass45.jpg,glass
1356,paper136.jpg,paper
55,cardboard148.jpg,cardboard
1280,metal68.jpg,metal
1031,metal212.jpg,metal
1718,paper462.jpg,paper
152,cardboard235.jpg,cardboard
2211,plastic371.jpg,plastic
1062,metal240.jpg,metal
819,glass473.jpg,glass
2064,plastic239.jpg,plastic
1467,paper236.jpg,paper
1298,metal84.jpg,metal
910,metal103.jpg,metal
1397,paper173.jpg,paper
986,metal172.jpg,metal
102,cardboard190.jpg,cardboard
811,glass466.jpg,glass
680,glass348.jpg,glass
1561,paper320.jpg,paper
2301,plastic452.jpg,plastic
2045,plastic221.jpg,plastic
1760,paper50.jpg,paper
1412,paper187.jpg,paper
972,metal16.jpg,metal
1005,metal19.jpg,metal
444,glass135.jpg,glass
1673,paper421.jpg,paper
2453,trash31.jpg,trash
1425,paper199.jpg,paper
1849,paper580.jpg,paper
678,glass346.jpg,glass
1586,paper343.jpg,paper
938,metal129.jpg,metal
818,glass472.jpg,glass
609,glass284.jpg,glass
1567,paper326.jpg,paper
1994,plastic176.jpg,plastic
760,glass42.jpg,glass
1479,paper247.jpg,paper
469,glass158.jpg,glass
1691,paper438.jpg,paper
1771,paper51.jpg,paper
738,glass40.jpg,glass
695,glass361.jpg,glass
1358,paper138.jpg,paper
1904,paper95.jpg,paper
1050,metal23.jpg,metal
946,metal136.jpg,metal
1132,metal303.jpg,metal
125,cardboard210.jpg,cardboard
2369,plastic8.jpg,plastic
1034,metal215.jpg,metal
1834,paper567.jpg,paper
1277,metal65.jpg,metal
1338,paper12.jpg,paper
65,cardboard157.jpg,cardboard
1498,paper264.jpg,paper
1658,paper408.jpg,paper
1688,paper435.jpg,paper
1566,paper325.jpg,paper
956,metal145.jpg,metal
852,glass51.jpg,glass
873,glass70.jpg,glass
199,cardboard278.jpg,cardboard
1312,metal97.jpg,metal
1045,metal225.jpg,metal
2416,trash121.jpg,trash
416,glass11.jpg,glass
1388,paper165.jpg,paper
423,glass116.jpg,glass
2451,trash3.jpg,trash
1643,paper395.jpg,paper
546,glass227.jpg,glass
355,cardboard55.jpg,cardboard
2333,plastic481.jpg,plastic
517,glass200.jpg,glass
805,glass460.jpg,glass
4,cardboard101.jpg,cardboard
1535,paper298.jpg,paper
2209,plastic37.jpg,plastic
1315,paper1.jpg,paper
374,cardboard72.jpg,cardboard
221,cardboard298.jpg,cardboard
599,glass275.jpg,glass
1847,paper579.jpg,paper
567,glass246.jpg,glass
1250,metal41.jpg,metal
1651,paper401.jpg,paper
1224,metal387.jpg,metal
2155,plastic320.jpg,plastic
1957,plastic142.jpg,plastic
1706,paper451.jpg,paper
1745,paper487.jpg,paper
1942,plastic129.jpg,plastic
217,cardboard294.jpg,cardboard
1357,paper137.jpg,paper
999,metal184.jpg,metal
1624,paper378.jpg,paper
1289,metal76.jpg,metal
809,glass464.jpg,glass
1730,paper473.jpg,paper
1491,paper258.jpg,paper
1106,metal280.jpg,metal
415,glass109.jpg,glass
905,metal1.jpg,metal
2339,plastic52.jpg,plastic
1982,plastic165.jpg,plastic
124,cardboard21.jpg,cardboard
490,glass177.jpg,glass
482,glass17.jpg,glass
994,metal18.jpg,metal
2342,plastic55.jpg,plastic
165,cardboard247.jpg,cardboard
2198,plastic36.jpg,plastic
706,glass371.jpg,glass
1300,metal86.jpg,metal
614,glass289.jpg,glass
1380,paper158.jpg,paper
212,cardboard29.jpg,cardboard
746,glass407.jpg,glass
980,metal167.jpg,metal
1141,metal311.jpg,metal
1266,metal55.jpg,metal
1296,metal82.jpg,metal
1215,metal379.jpg,metal
258,cardboard330.jpg,cardboard
1565,paper324.jpg,paper
2320,plastic47.jpg,plastic
238,cardboard312.jpg,cardboard
1523,paper287.jpg,paper
1967,plastic151.jpg,plastic
2412,trash118.jpg,trash
1540,paper301.jpg,paper
601,glass277.jpg,glass
1521,paper285.jpg,paper
1695,paper441.jpg,paper
1528,paper291.jpg,paper
1559,paper319.jpg,paper
896,glass91.jpg,glass
79,cardboard17.jpg,cardboard
2452,trash30.jpg,trash
1362,paper141.jpg,paper
1502,paper268.jpg,paper
537,glass219.jpg,glass
2170,plastic334.jpg,plastic
993,metal179.jpg,metal
371,cardboard7.jpg,cardboard
644,glass315.jpg,glass
2167,plastic331.jpg,plastic
1173,metal340.jpg,metal
2140,plastic307.jpg,plastic
1422,paper196.jpg,paper
1008,metal192.jpg,metal
33,cardboard128.jpg,cardboard
2171,plastic335.jpg,plastic
269,cardboard340.jpg,cardboard
2343,plastic56.jpg,plastic
1136,metal307.jpg,metal
32,cardboard127.jpg,cardboard
1292,metal79.jpg,metal
1702,paper448.jpg,paper
1778,paper516.jpg,paper
1617,paper371.jpg,paper
240,cardboard314.jpg,cardboard
2237,plastic395.jpg,plastic
1721,paper465.jpg,paper
1767,paper506.jpg,paper
372,cardboard70.jpg,cardboard
1040,metal220.jpg,metal
1254,metal44.jpg,metal
2194,plastic356.jpg,plastic
1601,paper357.jpg,paper
1083,metal26.jpg,metal
686,glass353.jpg,glass
955,metal144.jpg,metal
1490,paper257.jpg,paper
1168,metal336.jpg,metal
222,cardboard299.jpg,cardboard
295,cardboard364.jpg,cardboard
636,glass308.jpg,glass
612,glass287.jpg,glass
1446,paper217.jpg,paper
586,glass263.jpg,glass
1459,paper229.jpg,paper
505,glass190.jpg,glass
2128,plastic297.jpg,plastic
2147,plastic313.jpg,plastic
2306,plastic457.jpg,plastic
2503,trash77.jpg,trash
2181,plastic344.jpg,plastic
769,glass428.jpg,glass
1219,metal382.jpg,metal
966,metal154.jpg,metal
1473,paper241.jpg,paper
732,glass395.jpg,glass
1026,metal208.jpg,metal
1808,paper543.jpg,paper
1006,metal190.jpg,metal
676,glass344.jpg,glass
1932,plastic12.jpg,plastic
1705,paper450.jpg,paper
90,cardboard18.jpg,cardboard
2408,trash114.jpg,trash
1738,paper480.jpg,paper
885,glass81.jpg,glass
1747,paper489.jpg,paper
2219,plastic379.jpg,plastic
1597,paper353.jpg,paper
2056,plastic231.jpg,plastic
390,cardboard87.jpg,cardboard
1915,plastic104.jpg,plastic
707,glass372.jpg,glass
1571,paper33.jpg,paper
34,cardboard129.jpg,cardboard
1294,metal80.jpg,metal
1456,paper226.jpg,paper
981,metal168.jpg,metal
129,cardboard214.jpg,cardboard
726,glass39.jpg,glass
862,glass60.jpg,glass
542,glass223.jpg,glass
916,metal109.jpg,metal
1674,paper422.jpg,paper
320,cardboard387.jpg,cardboard
1592,paper349.jpg,paper
1893,paper85.jpg,paper
846,glass498.jpg,glass
1442,paper213.jpg,paper
1014,metal198.jpg,metal
1441,paper212.jpg,paper
942,metal132.jpg,metal
1243,metal403.jpg,metal
1825,paper559.jpg,paper
69,cardboard160.jpg,cardboard
214,cardboard291.jpg,cardboard
2438,trash18.jpg,trash
1198,metal363.jpg,metal
812,glass467.jpg,glass
1921,plastic11.jpg,plastic
2465,trash42.jpg,trash
1310,metal95.jpg,metal
1276,metal64.jpg,metal
1585,paper342.jpg,paper
741,glass402.jpg,glass
2354,plastic66.jpg,plastic
1072,metal25.jpg,metal
2259,plastic414.jpg,plastic
241,cardboard315.jpg,cardboard
1794,paper530.jpg,paper
224,cardboard30.jpg,cardboard
256,cardboard329.jpg,cardboard
1465,paper234.jpg,paper
1654,paper404.jpg,paper
1840,paper572.jpg,paper
43,cardboard137.jpg,cardboard
27,cardboard122.jpg,cardboard
2376,plastic86.jpg,plastic
745,glass406.jpg,glass
1678,paper426.jpg,paper
638,glass31.jpg,glass
2326,plastic475.jpg,plastic
380,cardboard78.jpg,cardboard
77,cardboard168.jpg,cardboard
967,metal155.jpg,metal
2255,plastic410.jpg,plastic
1409,paper184.jpg,paper
344,cardboard45.jpg,cardboard
1057,metal236.jpg,metal
2521,trash93.jpg,trash
1817,paper551.jpg,paper
1524,paper288.jpg,paper
2507,trash80.jpg,trash
1515,paper28.jpg,paper
926,metal118.jpg,metal
1497,paper263.jpg,paper
2057,plastic232.jpg,plastic
692,glass359.jpg,glass
1816,paper550.jpg,paper
990,metal176.jpg,metal
1066,metal244.jpg,metal
643,glass314.jpg,glass
109,cardboard197.jpg,cardboard
2126,plastic295.jpg,plastic
1883,paper76.jpg,paper
2468,trash45.jpg,trash
74,cardboard165.jpg,cardboard
1207,metal371.jpg,metal
882,glass79.jpg,glass
1378,paper156.jpg,paper
1167,metal335.jpg,metal
2193,plastic355.jpg,plastic
1962,plastic147.jpg,plastic
387,cardboard84.jpg,cardboard
822,glass476.jpg,glass
263,cardboard335.jpg,cardboard
2311,plastic461.jpg,plastic
1576,paper334.jpg,paper
1666,paper415.jpg,paper
1505,paper270.jpg,paper
696,glass362.jpg,glass
1970,plastic154.jpg,plastic
2469,trash46.jpg,trash
116,cardboard202.jpg,cardboard
2207,plastic368.jpg,plastic
1255,metal45.jpg,metal
191,cardboard270.jpg,cardboard
1457,paper227.jpg,paper
693,glass36.jpg,glass
1415,paper19.jpg,paper
52,cardboard145.jpg,cardboard
1430,paper202.jpg,paper
2491,trash66.jpg,trash
513,glass198.jpg,glass
1133,metal304.jpg,metal
1024,metal206.jpg,metal
1223,metal386.jpg,metal
2032,plastic21.jpg,plastic
762,glass421.jpg,glass
704,glass37.jpg,glass
674,glass342.jpg,glass
1685,paper432.jpg,paper
2079,plastic252.jpg,plastic
1872,paper66.jpg,paper
1390,paper167.jpg,paper
626,glass3.jpg,glass
427,glass12.jpg,glass
1169,metal337.jpg,metal
264,cardboard336.jpg,cardboard
2282,plastic435.jpg,plastic
2427,trash131.jpg,trash
239,cardboard313.jpg,cardboard
1683,paper430.jpg,paper
1784,paper521.jpg,paper
297,cardboard366.jpg,cardboard
1520,paper284.jpg,paper
2351,plastic63.jpg,plastic
714,glass379.jpg,glass
817,glass471.jpg,glass
234,cardboard309.jpg,cardboard
2471,trash48.jpg,trash
807,glass462.jpg,glass
401,cardboard97.jpg,cardboard
1178,metal345.jpg,metal
675,glass343.jpg,glass
1408,paper183.jpg,paper
1594,paper350.jpg,paper
2401,trash108.jpg,trash
1069,metal247.jpg,metal
1853,paper584.jpg,paper
1218,metal381.jpg,metal
1049,metal229.jpg,metal
1649,paper40.jpg,paper
1902,paper93.jpg,paper
1863,paper593.jpg,paper
1927,plastic115.jpg,plastic
913,metal106.jpg,metal
462,glass151.jpg,glass
1230,metal392.jpg,metal
1837,paper57.jpg,paper
2000,plastic181.jpg,plastic
992,metal178.jpg,metal
113,cardboard20.jpg,cardboard
30,cardboard125.jpg,cardboard
1563,paper322.jpg,paper
206,cardboard284.jpg,cardboard
1618,paper372.jpg,paper
841,glass493.jpg,glass
2074,plastic248.jpg,plastic
1572,paper330.jpg,paper
2160,plastic325.jpg,plastic
1912,plastic101.jpg,plastic
1629,paper382.jpg,paper
2436,trash16.jpg,trash
1931,plastic119.jpg,plastic
2393,trash100.jpg,trash
2007,plastic188.jpg,plastic
1286,metal73.jpg,metal
1971,plastic155.jpg,plastic
2486,trash61.jpg,trash
662,glass331.jpg,glass
2146,plastic312.jpg,plastic
1713,paper458.jpg,paper
496,glass182.jpg,glass
794,glass450.jpg,glass
1374,paper152.jpg,paper
936,metal127.jpg,metal
3,cardboard100.jpg,cardboard
144,cardboard228.jpg,cardboard
2220,plastic38.jpg,plastic
1974,plastic158.jpg,plastic
1407,paper182.jpg,paper
1824,paper558.jpg,paper
578,glass256.jpg,glass
782,glass44.jpg,glass
41,cardboard135.jpg,cardboard
2217,plastic377.jpg,plastic
1876,paper7.jpg,paper
2085,plastic258.jpg,plastic
731,glass394.jpg,glass
1783,paper520.jpg,paper
2448,trash27.jpg,trash
1259,metal49.jpg,metal
169,cardboard250.jpg,cardboard
1071,metal249.jpg,metal
715,glass38.jpg,glass
634,glass306.jpg,glass
487,glass174.jpg,glass
1112,metal286.jpg,metal
1148,metal318.jpg,metal
10,cardboard107.jpg,cardboard
87,cardboard177.jpg,cardboard
2094,plastic266.jpg,plastic
1963,plastic148.jpg,plastic
721,glass385.jpg,glass
488,glass175.jpg,glass
1940,plastic127.jpg,plastic
1262,metal51.jpg,metal
858,glass57.jpg,glass
1881,paper74.jpg,paper
467,glass156.jpg,glass
2319,plastic469.jpg,plastic
1879,paper72.jpg,paper
2270,plastic424.jpg,plastic
1131,metal302.jpg,metal
884,glass80.jpg,glass
1757,paper498.jpg,paper
1916,plastic105.jpg,plastic
2516,trash89.jpg,trash
898,glass93.jpg,glass
1979,plastic162.jpg,plastic
2380,plastic9.jpg,plastic
1644,paper396.jpg,paper
310,cardboard378.jpg,cardboard
717,glass381.jpg,glass
1708,paper453.jpg,paper
2052,plastic228.jpg,plastic
1073,metal250.jpg,metal
1995,plastic177.jpg,plastic
2232,plastic390.jpg,plastic
840,glass492.jpg,glass
917,metal11.jpg,metal
375,cardboard73.jpg,cardboard
301,cardboard37.jpg,cardboard
293,cardboard362.jpg,cardboard
699,glass365.jpg,glass
2176,plastic34.jpg,plastic
660,glass33.jpg,glass
939,metal13.jpg,metal
100,cardboard189.jpg,cardboard
2467,trash44.jpg,trash
1246,metal406.jpg,metal
2430,trash134.jpg,trash
2185,plastic348.jpg,plastic
2428,trash132.jpg,trash
759,glass419.jpg,glass
160,cardboard242.jpg,cardboard
1460,paper23.jpg,paper
987,metal173.jpg,metal
213,cardboard290.jpg,cardboard
364,cardboard63.jpg,cardboard
61,cardboard153.jpg,cardboard
1426,paper2.jpg,paper
2456,trash34.jpg,trash
1082,metal259.jpg,metal
363,cardboard62.jpg,cardboard
161,cardboard243.jpg,cardboard
394,cardboard90.jpg,cardboard
723,glass387.jpg,glass
1237,metal399.jpg,metal
58,cardboard150.jpg,cardboard
1765,paper504.jpg,paper
353,cardboard53.jpg,cardboard
2353,plastic65.jpg,plastic
2093,plastic265.jpg,plastic
958,metal147.jpg,metal
1537,paper3.jpg,paper
2375,plastic85.jpg,plastic
928,metal12.jpg,metal
1891,paper83.jpg,paper
1261,metal50.jpg,metal
1977,plastic160.jpg,plastic
1376,paper154.jpg,paper
40,cardboard134.jpg,cardboard
92,cardboard181.jpg,cardboard
414,glass108.jpg,glass
545,glass226.jpg,glass
2472,trash49.jpg,trash
1353,paper133.jpg,paper
2499,trash73.jpg,trash
1076,metal253.jpg,metal
742,glass403.jpg,glass
279,cardboard35.jpg,cardboard
342,cardboard43.jpg,cardboard
1337,paper119.jpg,paper
441,glass132.jpg,glass
1906,paper97.jpg,paper
253,cardboard326.jpg,cardboard
1328,paper110.jpg,paper
1988,plastic170.jpg,plastic
1929,plastic117.jpg,plastic
868,glass66.jpg,glass
1660,paper41.jpg,paper
44,cardboard138.jpg,cardboard
652,glass322.jpg,glass
838,glass490.jpg,glass
508,glass193.jpg,glass
2329,plastic478.jpg,plastic
1560,paper32.jpg,paper
1241,metal401.jpg,metal
1959,plastic144.jpg,plastic
1461,paper230.jpg,paper
698,glass364.jpg,glass
563,glass242.jpg,glass
9,cardboard106.jpg,cardboard
28,cardboard123.jpg,cardboard
1985,plastic168.jpg,plastic
306,cardboard374.jpg,cardboard
2142,plastic309.jpg,plastic
2345,plastic58.jpg,plastic
2072,plastic246.jpg,plastic
724,glass388.jpg,glass
2003,plastic184.jpg,plastic
1793,paper53.jpg,paper
313,cardboard380.jpg,cardboard
1470,paper239.jpg,paper
1323,paper106.jpg,paper
532,glass214.jpg,glass
935,metal126.jpg,metal
334,cardboard4.jpg,cardboard
918,metal110.jpg,metal
2441,trash20.jpg,trash
406,glass100.jpg,glass
569,glass248.jpg,glass
710,glass375.jpg,glass
1302,metal88.jpg,metal
2164,plastic329.jpg,plastic
2407,trash113.jpg,trash
1806,paper541.jpg,paper
2378,plastic88.jpg,plastic
141,cardboard225.jpg,cardboard
716,glass380.jpg,glass
1090,metal266.jpg,metal
98,cardboard187.jpg,cardboard
1953,plastic139.jpg,plastic
1728,paper471.jpg,paper
700,glass366.jpg,glass
1764,paper503.jpg,paper
2340,plastic53.jpg,plastic
80,cardboard170.jpg,cardboard
473,glass161.jpg,glass
1220,metal383.jpg,metal
847,glass499.jpg,glass
1411,paper186.jpg,paper
51,cardboard144.jpg,cardboard
610,glass285.jpg,glass
1227,metal39.jpg,metal
62,cardboard154.jpg,cardboard
1183,metal35.jpg,metal
2239,plastic397.jpg,plastic
773,glass431.jpg,glass
1766,paper505.jpg,paper
2091,plastic263.jpg,plastic
1421,paper195.jpg,paper
1698,paper444.jpg,paper
465,glass154.jpg,glass
1603,paper359.jpg,paper
1064,metal242.jpg,metal
2374,plastic84.jpg,plastic
1404,paper18.jpg,paper
2113,plastic283.jpg,plastic
1488,paper255.jpg,paper
322,cardboard389.jpg,cardboard
117,cardboard203.jpg,cardboard
1587,paper344.jpg,paper
445,glass136.jpg,glass
1316,paper10.jpg,paper
2190,plastic352.jpg,plastic
1322,paper105.jpg,paper
1823,paper557.jpg,paper
2400,trash107.jpg,trash
1084,metal260.jpg,metal
1604,paper36.jpg,paper
1844,paper576.jpg,paper
1176,metal343.jpg,metal
775,glass433.jpg,glass
787,glass444.jpg,glass
863,glass61.jpg,glass
298,cardboard367.jpg,cardboard
1939,plastic126.jpg,plastic
1897,paper89.jpg,paper
2132,plastic30.jpg,plastic
2246,plastic402.jpg,plastic
1754,paper495.jpg,paper
2479,trash55.jpg,trash
492,glass179.jpg,glass
919,metal111.jpg,metal
2180,plastic343.jpg,plastic
308,cardboard376.jpg,cardboard
229,cardboard304.jpg,cardboard
849,glass50.jpg,glass
1632,paper385.jpg,paper
211,cardboard289.jpg,cardboard
1118,metal291.jpg,metal
889,glass85.jpg,glass
1693,paper44.jpg,paper
577,glass255.jpg,glass
1761,paper500.jpg,paper
265,cardboard337.jpg,cardboard
2050,plastic226.jpg,plastic
514,glass199.jpg,glass
2384,plastic93.jpg,plastic
702,glass368.jpg,glass
2518,trash90.jpg,trash
66,cardboard158.jpg,cardboard
1993,plastic175.jpg,plastic
1517,paper281.jpg,paper
119,cardboard205.jpg,cardboard
126,cardboard211.jpg,cardboard
1392,paper169.jpg,paper
2257,plastic412.jpg,plastic
576,glass254.jpg,glass
1143,metal313.jpg,metal
2263,plastic418.jpg,plastic
557,glass237.jpg,glass
201,cardboard28.jpg,cardboard
588,glass265.jpg,glass
1221,metal384.jpg,metal
2152,plastic318.jpg,plastic
2205,plastic366.jpg,plastic
2268,plastic422.jpg,plastic
902,glass97.jpg,glass
798,glass454.jpg,glass
1427,paper20.jpg,paper
112,cardboard2.jpg,cardboard
1240,metal400.jpg,metal
502,glass188.jpg,glass
855,glass54.jpg,glass
1146,metal316.jpg,metal
438,glass13.jpg,glass
689,glass356.jpg,glass
1671,paper42.jpg,paper
1870,paper64.jpg,paper
1742,paper484.jpg,paper
540,glass221.jpg,glass
720,glass384.jpg,glass
1546,paper307.jpg,paper
22,cardboard118.jpg,cardboard
1941,plastic128.jpg,plastic
2159,plastic324.jpg,plastic
2051,plastic227.jpg,plastic
196,cardboard275.jpg,cardboard
830,glass483.jpg,glass
2328,plastic477.jpg,plastic
1142,metal312.jpg,metal
14,cardboard110.jpg,cardboard
1534,paper297.jpg,paper
2118,plastic288.jpg,plastic
1922,plastic110.jpg,plastic
478,glass166.jpg,glass
2358,plastic7.jpg,plastic
274,cardboard345.jpg,cardboard
376,cardboard74.jpg,cardboard
2254,plastic41.jpg,plastic
1375,paper153.jpg,paper
1623,paper377.jpg,paper
345,cardboard46.jpg,cardboard
336,cardboard400.jpg,cardboard
1355,paper135.jpg,paper
1732,paper475.jpg,paper
2432,trash136.jpg,trash
2131,plastic3.jpg,plastic
1689,paper436.jpg,paper
2188,plastic350.jpg,plastic
1108,metal282.jpg,metal
2474,trash50.jpg,trash
2252,plastic408.jpg,plastic
1945,plastic131.jpg,plastic
2108,plastic279.jpg,plastic
2017,plastic197.jpg,plastic
770,glass429.jpg,glass
1987,plastic17.jpg,plastic
57,cardboard15.jpg,cardboard
1021,metal203.jpg,metal
450,glass140.jpg,glass
2450,trash29.jpg,trash
623,glass297.jpg,glass
2403,trash11.jpg,trash
985,metal171.jpg,metal
1687,paper434.jpg,paper
2097,plastic269.jpg,plastic
2115,plastic285.jpg,plastic
568,glass247.jpg,glass
358,cardboard58.jpg,cardboard
1191,metal357.jpg,metal
1023,metal205.jpg,metal
210,cardboard288.jpg,cardboard
1462,paper231.jpg,paper
792,glass449.jpg,glass
457,glass147.jpg,glass
1036,metal217.jpg,metal
1454,paper224.jpg,paper
1287,metal74.jpg,metal
1827,paper560.jpg,paper
1361,paper140.jpg,paper
2513,trash86.jpg,trash
1125,metal298.jpg,metal
2023,plastic201.jpg,plastic
346,cardboard47.jpg,cardboard
166,cardboard248.jpg,cardboard
2280,plastic433.jpg,plastic
145,cardboard229.jpg,cardboard
1327,paper11.jpg,paper
1935,plastic122.jpg,plastic
1117,metal290.jpg,metal
763,glass422.jpg,glass
1508,paper273.jpg,paper
2009,plastic19.jpg,plastic
447,glass138.jpg,glass
1434,paper206.jpg,paper
1330,paper112.jpg,paper
1383,paper160.jpg,paper
1972,plastic156.jpg,plastic
39,cardboard133.jpg,cardboard
1016,metal2.jpg,metal
1848,paper58.jpg,paper
983,metal17.jpg,metal
1599,paper355.jpg,paper
2368,plastic79.jpg,plastic
278,cardboard349.jpg,cardboard
2287,plastic44.jpg,plastic
1127,metal3.jpg,metal
2283,plastic436.jpg,plastic
81,cardboard171.jpg,cardboard
1934,plastic121.jpg,plastic
1712,paper457.jpg,paper
573,glass251.jpg,glass
1684,paper431.jpg,paper
802,glass458.jpg,glass
2495,trash7.jpg,trash
2179,plastic342.jpg,plastic
2510,trash83.jpg,trash
35,cardboard13.jpg,cardboard
2348,plastic60.jpg,plastic
1493,paper26.jpg,paper
584,glass261.jpg,glass
2182,plastic345.jpg,plastic
2073,plastic247.jpg,plastic
2346,plastic59.jpg,plastic
937,metal128.jpg,metal
2365,plastic76.jpg,plastic
11,cardboard108.jpg,cardboard
